-- Test data for development. Run after postgres_schema.sql.
-- admin user (uid: 00000000-0000-0000-0000-000000000000) is inserted by the schema.


-- Users --

INSERT INTO users (uid, username, email, password_hash, first_name, last_name) VALUES
    ('00000000-0000-0000-0000-000000000001', 'sara',  'sara@example.com',  'password', 'Sara',  'Thompson'),
    ('00000000-0000-0000-0000-000000000002', 'james', 'james@example.com', 'password', 'James', 'Lee');


-- Workspaces --

INSERT INTO workspaces (workspace_id, workspace_name, created_by, updated_by) VALUES
    ('10000000-0000-0000-0000-000000000001', 'Acme Corp',      '00000000-0000-0000-0000-000000000000', '00000000-0000-0000-0000-000000000000'),
    ('10000000-0000-0000-0000-000000000002', 'Test Workspace', '00000000-0000-0000-0000-000000000001', '00000000-0000-0000-0000-000000000001');


-- Workspace Users --

INSERT INTO workspace_users (workspace_id, uid) VALUES
    ('10000000-0000-0000-0000-000000000001', '00000000-0000-0000-0000-000000000000'),
    ('10000000-0000-0000-0000-000000000001', '00000000-0000-0000-0000-000000000001'),
    ('10000000-0000-0000-0000-000000000001', '00000000-0000-0000-0000-000000000002'),
    ('10000000-0000-0000-0000-000000000002', '00000000-0000-0000-0000-000000000001');


-- Permissions --

INSERT INTO permissions (uid, workspace_id, entity, action, created_by) VALUES
    ('00000000-0000-0000-0000-000000000001', '10000000-0000-0000-0000-000000000001', 'parts',           'read',  '00000000-0000-0000-0000-000000000000'),
    ('00000000-0000-0000-0000-000000000001', '10000000-0000-0000-0000-000000000001', 'parts',           'write', '00000000-0000-0000-0000-000000000000'),
    ('00000000-0000-0000-0000-000000000001', '10000000-0000-0000-0000-000000000001', 'vendors',         'read',  '00000000-0000-0000-0000-000000000000'),
    ('00000000-0000-0000-0000-000000000001', '10000000-0000-0000-0000-000000000001', 'purchase_orders', 'read',  '00000000-0000-0000-0000-000000000000'),
    ('00000000-0000-0000-0000-000000000002', '10000000-0000-0000-0000-000000000001', 'parts',           'read',  '00000000-0000-0000-0000-000000000000'),
    ('00000000-0000-0000-0000-000000000002', '10000000-0000-0000-0000-000000000001', 'vendors',         'read',  '00000000-0000-0000-0000-000000000000');


-- Vendors --

INSERT INTO vendors (vendor_id, vendor_name, created_by, updated_by) VALUES
    ('20000000-0000-0000-0000-000000000001', 'Digi-Key',      '00000000-0000-0000-0000-000000000000', '00000000-0000-0000-0000-000000000000'),
    ('20000000-0000-0000-0000-000000000002', 'Mouser',        '00000000-0000-0000-0000-000000000000', '00000000-0000-0000-0000-000000000000'),
    ('20000000-0000-0000-0000-000000000003', 'McMaster-Carr', '00000000-0000-0000-0000-000000000001', '00000000-0000-0000-0000-000000000001');


-- Parts --

INSERT INTO parts (part_id, part_no, description, is_assembly, created_by, updated_by) VALUES
    ('30000000-0000-0000-0000-000000000001', 'CAP-100UF-16V',   '100uF 16V Electrolytic Capacitor', 'part',     '00000000-0000-0000-0000-000000000000', '00000000-0000-0000-0000-000000000000'),
    ('30000000-0000-0000-0000-000000000002', 'RES-10K-0805',    '10K Ohm 0805 Resistor',            'part',     '00000000-0000-0000-0000-000000000000', '00000000-0000-0000-0000-000000000000'),
    ('30000000-0000-0000-0000-000000000003', 'MCU-STM32F4',     'STM32F4 Microcontroller',           'part',     '00000000-0000-0000-0000-000000000001', '00000000-0000-0000-0000-000000000001'),
    ('30000000-0000-0000-0000-000000000004', 'BOLT-M3-10',      'M3x10mm Hex Bolt',                 'part',     '00000000-0000-0000-0000-000000000001', '00000000-0000-0000-0000-000000000001'),
    ('30000000-0000-0000-0000-000000000005', 'ASSY-CTRL-BOARD', 'Main Controller Board Assembly',    'assembly', '00000000-0000-0000-0000-000000000000', '00000000-0000-0000-0000-000000000000');


-- Purchase Orders --

INSERT INTO purchase_orders (po_id, po_no, vendor_id, status, created_by, updated_by) VALUES
    ('40000000-0000-0000-0000-000000000001', 'PO-0001', '20000000-0000-0000-0000-000000000001', 'received', '00000000-0000-0000-0000-000000000000', '00000000-0000-0000-0000-000000000000'),
    ('40000000-0000-0000-0000-000000000002', 'PO-0002', '20000000-0000-0000-0000-000000000002', 'sent',     '00000000-0000-0000-0000-000000000001', '00000000-0000-0000-0000-000000000001'),
    ('40000000-0000-0000-0000-000000000003', 'PO-0003', '20000000-0000-0000-0000-000000000003', 'draft',    '00000000-0000-0000-0000-000000000001', '00000000-0000-0000-0000-000000000001');


-- BOMs --

INSERT INTO boms (bom_id, title, job_no, description, created_by, updated_by) VALUES
    ('50000000-0000-0000-0000-000000000001', 'Controller Board BOM', 'JOB-001', 'BOM for the main controller board', '00000000-0000-0000-0000-000000000000', '00000000-0000-0000-0000-000000000000'),
    ('50000000-0000-0000-0000-000000000002', 'Enclosure BOM',        'JOB-002', 'BOM for the enclosure hardware',    '00000000-0000-0000-0000-000000000001', '00000000-0000-0000-0000-000000000001');


-- Vendor Parts --

INSERT INTO vendor_parts (part_id, vendor_id, part_no, description, is_primary, created_by, updated_by) VALUES
    ('30000000-0000-0000-0000-000000000001', '20000000-0000-0000-0000-000000000001', 'DK-CAP-100UF', '100uF Cap - Digi-Key',  TRUE,  '00000000-0000-0000-0000-000000000000', '00000000-0000-0000-0000-000000000000'),
    ('30000000-0000-0000-0000-000000000001', '20000000-0000-0000-0000-000000000002', 'MO-CAP-100UF', '100uF Cap - Mouser',    FALSE, '00000000-0000-0000-0000-000000000000', '00000000-0000-0000-0000-000000000000'),
    ('30000000-0000-0000-0000-000000000002', '20000000-0000-0000-0000-000000000001', 'DK-RES-10K',   '10K Res - Digi-Key',    TRUE,  '00000000-0000-0000-0000-000000000000', '00000000-0000-0000-0000-000000000000'),
    ('30000000-0000-0000-0000-000000000003', '20000000-0000-0000-0000-000000000002', 'MO-STM32F4',   'STM32F4 - Mouser',      TRUE,  '00000000-0000-0000-0000-000000000001', '00000000-0000-0000-0000-000000000001'),
    ('30000000-0000-0000-0000-000000000004', '20000000-0000-0000-0000-000000000003', 'MC-M3-10',     'M3x10 Bolt - McMaster', TRUE,  '00000000-0000-0000-0000-000000000001', '00000000-0000-0000-0000-000000000001');


-- Assembly Parts (ASSY-CTRL-BOARD is made up of the 3 component parts) --

INSERT INTO assembly_parts (part_id, subpart_id, quantity, uom, created_by, updated_by) VALUES
    ('30000000-0000-0000-0000-000000000005', '30000000-0000-0000-0000-000000000001', 4,  'each', '00000000-0000-0000-0000-000000000000', '00000000-0000-0000-0000-000000000000'),
    ('30000000-0000-0000-0000-000000000005', '30000000-0000-0000-0000-000000000002', 10, 'each', '00000000-0000-0000-0000-000000000000', '00000000-0000-0000-0000-000000000000'),
    ('30000000-0000-0000-0000-000000000005', '30000000-0000-0000-0000-000000000003', 1,  'each', '00000000-0000-0000-0000-000000000000', '00000000-0000-0000-0000-000000000000');


-- Components --

INSERT INTO components (bom_id, part_id, po_id, quantity, uom, status, created_by, updated_by) VALUES
    ('50000000-0000-0000-0000-000000000001', '30000000-0000-0000-0000-000000000005', '40000000-0000-0000-0000-000000000001', 2,  'each', 'received', '00000000-0000-0000-0000-000000000000', '00000000-0000-0000-0000-000000000000'),
    ('50000000-0000-0000-0000-000000000001', '30000000-0000-0000-0000-000000000001', '40000000-0000-0000-0000-000000000001', 8,  'each', 'received', '00000000-0000-0000-0000-000000000000', '00000000-0000-0000-0000-000000000000'),
    ('50000000-0000-0000-0000-000000000001', '30000000-0000-0000-0000-000000000002', '40000000-0000-0000-0000-000000000002', 20, 'each', 'ordered',  '00000000-0000-0000-0000-000000000001', '00000000-0000-0000-0000-000000000001'),
    ('50000000-0000-0000-0000-000000000002', '30000000-0000-0000-0000-000000000004', '40000000-0000-0000-0000-000000000003', 12, 'each', 'pending',  '00000000-0000-0000-0000-000000000001', '00000000-0000-0000-0000-000000000001');